7495|828044c8-832b-48b4-b1f0-89a500496335|Jones-Stokes|TrailRunner Impreza 239|0.0
7495|59d324db-d978-4aad-a56a-c40b8f372f7c|Harvey-Kuhic|Max Sidekick 734|0.0
9995|9b24f6a7-566b-48ca-9f66-10022003864c|Jones-Stokes|Pro Max 746|0.0
9995|95c8d8f2-cdef-4720-a529-b6dcd5679b94|Oberbrunner, Dietrich and Hickle|Perf TrailRunner 179|0.0
9995|11f4759d-0cfb-494a-a908-1bc504ca6d96|Ankunding and Sons|Perf Pro 194|0.0
9995|2d8a8e04-b259-45be-9ba3-d39f70150fd7|Huel-Ortiz|Spectra5 Perf 597|0.0
5995|5905058a-db3f-4b15-aa05-aee5c9c16368|Okuneva, McCullough and Reynolds|Perf Sidekick 551|0.0
9995|d4540ce1-c69c-49f6-9f8c-2f0f3edb895e|Okuneva, McCullough and Reynolds|Perf Spectra5 536|5.0
15995|d2033e56-3ab3-4a13-890c-80c48c842901|Torphy Group|Pro Max 908|2.7
14995|a2df664d-9fa1-4a51-9e07-513c83419433|Tillman, Effertz and Nikolaus|Max Spectra5 942|5.0
9995|15b7b201-6d46-4456-8dfa-0dbacfcf1de9|Beer, DAmore and Wintheiser|Max Impreza 393|5.0
7495|1e875f62-3d6b-44be-8b65-9b5388cc8399|Langworth-Little|Spectra5 Max 484|4.5
10495|46e3bf53-0898-4ec0-ba1c-da5bf22c7ace|Will Inc|Sidekick TrailRunner 293|0.0
7995|6b1f5211-d8e9-4046-8965-58caaae247f2|Macejkovic, Walter and Cummings|Sidekick Impreza 663|0.0
16995|142c1aa4-44b8-429e-a235-273dd477b726|Tillman, Effertz and Nikolaus|Sidekick Max 197|4.4
9995|ee50a832-a9e0-4847-a77e-61737093ed0e|Tremblay LLC|Sidekick Spectra5 269|4.4
14995|b00405fc-bc40-4a5f-812b-c27b82a50b4d|Ankunding and Sons|Pro Perf 898|0.0
16995|3367bd81-a893-44da-8eac-2983778f7d57|Beer, DAmore and Wintheiser|Spectra5 Max 395|4.3
7995|f828879a-cc75-4990-acaa-0d4dd454c9a3|Renner-DAmore|Impreza Max 231|0.0
5495|d7b6e258-3046-40ad-a0be-60a89facdfe8|Torphy Group|Impreza Max 947|0.0
15995|5896f584-4ec6-4925-bbe2-65a3580bbdf8|Lebsack, Wiza and Jakubowski|Impreza Sidekick 423|0.0
5597|b86d25e8-d13e-4342-b88c-ef8f21c311de|Jones-Stokes|Perf Spectra5 879|4.2
14995|fb3f2877-c85d-41b6-ae74-9d05b3eba1b5|Macejkovic, Walter and Cummings|Sidekick TrailRunner 881|5.0
10995|63a3a11c-6819-4307-a855-328fb1f54d77|Gleichner-Buckridge|Perf Max 183|4.4
11995|fb4ee756-ac6f-4e72-b600-82c159f8b284|Renner-DAmore|TrailRunner Impreza 843|0.0
14995|3e09216d-9530-4550-8fd3-95831a703966|Williamson Group|TrailRunner Impreza 523|4.0
9995|c8628d98-ff4f-4840-905b-1b9e49cae01d|Will Inc|Max Impreza 661|0.0
18995|eaa8a67d-393e-4760-bab2-7632dd58e93d|Tillman, Effertz and Nikolaus|Impreza Spectra5 227|4.0
2495|cdc79931-139b-4e19-96cb-08cd5364998b|Macejkovic, Walter and Cummings|Sidekick TrailRunner 507|4.3
11995|5fee4208-2495-466d-84d0-e7b48d62d24f|Jones-Stokes|TrailRunner Pro 788|0.0
1995|b53fe1f7-a97b-4449-b8d5-873815812cbd|Williamson Group|Spectra5 Impreza 131|4.2
16995|5cca9951-2752-4f7a-a7a7-fdc06ec12cf0|Langworth-Little|Spectra5 Max 633|5.0
5995|8b609f0a-0bb7-43ff-8582-db972d559b50|Will Inc|TrailRunner Spectra5 330|4.9
11997|c5b13349-4284-44e6-84ef-2f5a87106173|Will Inc|Perf Impreza 310|0.0
13995|419dc433-c0bb-4517-b5e7-fe6a4b105f31|Tillman, Effertz and Nikolaus|Impreza Perf 769|0.0
8995|bc46c7c4-704f-45e0-a9e4-6bb2b5e1d998|Williamson Group|Spectra5 Sidekick 409|0.0
7595|f4610031-dedc-4428-95f0-fb45b749ba53|Beer, DAmore and Wintheiser|TrailRunner Impreza 192|5.0
15995|fc6c0907-ac6c-4bd0-b606-2fe9c00092eb|Macejkovic, Walter and Cummings|Spectra5 Sidekick 437|0.0
8995|dd1d0b6a-adc2-417e-b100-972b357b160a|Beer, DAmore and Wintheiser|Spectra5 Perf 837|1.0
9995|2b908fc4-e463-4d7d-9946-d3239894c3bf|Oberbrunner, Dietrich and Hickle|Pro TrailRunner 946|4.8
7995|46c3a55e-ed6d-4665-8547-03119ac9ae8e|Tillman, Effertz and Nikolaus|Pro Impreza 402|4.9
6495|219aa213-102a-4d2a-a5dc-13d76d074b1d|Huel-Ortiz|Perf Max 205|4.7
5495|891fd305-feb8-41d5-8db6-09c12bd1b710|Grady Group|Perf Max 600|0.0
9995|7dd6f7d4-c7b5-4a48-ab01-0adcbfe4c91c|Will Inc|Impreza Spectra5 439|4.5
12995|a961fb8d-621d-4dcd-bd48-a770664dd482|Renner-DAmore|Sidekick Perf 448|0.0
16995|0e329f4b-d6d7-413c-aa10-3784493810e1|Jones-Stokes|Perf Sidekick 284|0.0
11995|140d81ac-5849-480a-9830-482d96dcfb77|Okuneva, McCullough and Reynolds|Spectra5 Perf 388|0.0
10995|18f3e84f-2619-4698-a3d9-22bbb38b09d6|Will Inc|Impreza Max 601|0.0
5495|78df61a4-fcfa-4af0-8498-7887fedba2fd|Ankunding and Sons|Sidekick TrailRunner 762|0.0
22995|c93ff98f-df37-47b1-908f-118df9547c00|Grady Group|Max Impreza 170|0.0
8995|62e85413-0807-4226-926c-a1df7c62c9e4|Okuneva, McCullough and Reynolds|Pro Perf 141|0.0
15995|0561c58f-776a-484b-b924-ef0856889215|Berge Group|Impreza Perf 781|0.0
9995|800f9ed5-c0d1-42a9-9eb1-3198b5a1d3ed|Tremblay LLC|Spectra5 Pro 444|0.0
10995|0fd15be0-8b95-4f19-b90b-53aabf4c49df|Jones-Stokes|Pro TrailRunner 237|5.0
9995|ac82451e-e5ba-4b50-8aa3-e664b2c804ff|Langworth-Little|Impreza Sidekick 880|4.5
11995|b5f127d4-082e-43fd-92a6-1feed51dd16b|Okuneva, McCullough and Reynolds|Spectra5 Perf 986|5.0
11197|aeb9b072-8309-498d-8c5d-16919a79a8fe|Harvey-Kuhic|Pro Max 941|0.0
4995|a045db6a-49da-4fad-91ca-9abdd44a8599|Macejkovic, Walter and Cummings|Sidekick Spectra5 419|0.0
14995|eef5227c-fadf-46e1-a8f1-be969e48965d|Macejkovic, Walter and Cummings|TrailRunner Impreza 619|5.0
10995|893706d5-bedc-4248-ac64-084e423e40db|Gleichner-Buckridge|Perf TrailRunner 519|0.0
13995|5800157b-121c-4e00-98bb-d24ab83c57eb|Langworth-Little|Perf Max 425|3.0
7995|5a31a90e-eebd-4741-9245-7e529051b8fc|Ankunding and Sons|Perf Max 801|0.0
11995|bf3138c4-ff32-4a5e-8f84-a730177a505c|Okuneva, McCullough and Reynolds|Spectra5 Sidekick 615|0.0
6995|5fd42b47-dd79-4d29-b2b0-a4f278c5a524|Ankunding and Sons|Pro Max 107|5.0
16995|9895a82b-5fbd-4d33-8f0d-52ade4ccccbf|Harvey-Kuhic|Spectra5 Max 814|4.5
16995|41742008-b51e-4ff7-90ac-99ae33cc0b8a|Ankunding and Sons|TrailRunner Sidekick 461|0.0
7995|35a6dfe3-d459-47d3-8dd4-d26cc940b22c|Ankunding and Sons|Pro Max 892|0.0
11995|d1fb8304-343b-4dad-83b0-880bd97bf92a|Huel-Ortiz|Sidekick Perf 564|5.0
24995|6ebb4e8d-9762-44cf-bf37-6841bb257bf0|Grady Group|Sidekick Impreza 396|0.0
8397|a521f314-43e0-40cb-a172-80ddda77262d|Ankunding and Sons|Perf Sidekick 822|5.0
9995|0c389ab7-a526-4008-91d2-0b71bfa8b86a|Beer, DAmore and Wintheiser|Max Pro 737|5.0
5995|85e3a6ee-9b47-4fea-be5b-b5a33fbfe45e|Oberbrunner, Dietrich and Hickle|Perf Spectra5 627|0.0
7995|3cfb9a74-9dbb-419e-97d1-8d21ec35b909|Gleichner-Buckridge|Spectra5 Impreza 476|3.1
14995|4f33d6ef-f9c3-439a-afe9-bd87102460ad|Langworth-Little|Perf Spectra5 154|5.0
11995|62fe94a3-e38f-419a-8a5c-caf93ccc4068|Jones-Stokes|TrailRunner Sidekick 935|0.0
7797|f12fa05c-c856-44cc-82b3-17d85d5f1dc8|Oberbrunner, Dietrich and Hickle|Pro TrailRunner 250|3.9
5997|b96aa3e1-e323-4ebf-918f-e2577a17507d|Ankunding and Sons|Max TrailRunner 783|3.7
8795|5b908e17-3f19-49bc-b04b-5ace4a42fa9d|Williamson Group|Pro Spectra5 709|4.2
8995|c0b9b08f-d82a-409d-82a3-7b39fcc642a1|Lebsack, Wiza and Jakubowski|Spectra5 Pro 493|0.0
7995|20502157-3efd-47ec-998e-e6681064cb0c|Ankunding and Sons|Perf Impreza 555|2.7
6995|284e01d9-d6a0-418f-befb-107b2bb75700|Will Inc|Perf Impreza 241|0.0
14995|a57863ff-0914-4cfe-b67b-1f948f3261eb|Tremblay LLC|Max Perf 279|0.0
9995|7e970888-f5c4-481f-b6c6-2494086b65a6|Jones-Stokes|TrailRunner Spectra5 851|5.0
7995|1c7fd05b-2b6d-4d43-8e46-13cd9b75f003|Tillman, Effertz and Nikolaus|Pro Sidekick 691|0.0
7495|356faa00-f9fa-4cfe-8b23-6b1437e8a164|Jones-Stokes|Pro Sidekick 313|0.0
10995|2a0f02e7-fc2e-4308-8d73-1a625006722d|Langworth-Little|Impreza Sidekick 481|0.0
9995|b44b2ca1-2032-4640-a03d-1a8fc66180a1|Braun-Bruen|Impreza Sidekick 952|2.6
7697|a0cb80d6-5492-4e00-9eb1-14917407f647|Tremblay LLC|TrailRunner Impreza 402|3.9
13597|b5cc92f8-f54b-418d-a151-a98eb3f762f0|Grady Group|TrailRunner Perf 708|5.0
22995|6d08d24c-4dea-428b-917b-9bbbcb50210c|Grady Group|Impreza Spectra5 183|0.0
7495|6a8fd739-84c3-499c-a59f-2447c13de766|Braun-Bruen|Perf Sidekick 699|2.8
6997|6822ccd7-295e-4b20-b971-4350d98db2d6|Williamson Group|TrailRunner Spectra5 453|4.5
15995|1c23e0a8-6f12-4e13-8d0e-2d4b3c70b6db|Langworth-Little|Sidekick TrailRunner 355|2.6
9597|c67b1f00-9ad3-430a-8f12-9056b3fce0dd|Ankunding and Sons|Perf Sidekick 400|0.0
8495|6d3b80c0-cf54-425c-af0a-43cbe1c4849b|Will Inc|Impreza Pro 799|5.0
11197|d8e595a6-af7e-46bf-ace6-59e7096e0953|Ankunding and Sons|Impreza Spectra5 792|2.9
4797|a54ecf5a-34ec-46fd-84cc-86fa60b24342|Gleichner-Buckridge|Perf TrailRunner 676|5.0
16995|0806c92a-c299-4234-a95a-7dc0fe62e927|Lebsack, Wiza and Jakubowski|Impreza Max 803|3.5
11197|d6fa7fca-7f57-4b62-8e9c-22bc7a81c9a7|Berge Group|Max TrailRunner 997|0.0
6995|8baf6983-466c-4a2a-93ad-e330ee9bc0c3|Harvey-Kuhic|Max Sidekick 852|4.3
16995|9f0d5900-c539-4575-922a-a8f4bbe0d76f|Grady Group|Perf Pro 102|4.6
8797|015a2cf6-91b8-4b68-8360-4f2e45bf819a|Ankunding and Sons|Sidekick Spectra5 593|5.0
7995|ed9e5048-076f-49ac-8ae9-3c6714e3f9ac|Torphy Group|Perf TrailRunner 802|5.0
11995|acfaf17f-05d3-41c2-b819-fd84dd2fe907|Jones-Stokes|Pro Spectra5 813|5.0
6597|cd7dc83e-263f-4dce-833c-575f46335384|Torphy Group|Max Spectra5 745|4.8
12797|2b5e7ef6-ec19-4775-bce1-074ab44cf9dd|Macejkovic, Walter and Cummings|Sidekick Spectra5 181|4.4
8495|c515cdc5-5a93-4a52-82f3-65c1b317d787|Langworth-Little|Sidekick TrailRunner 431|0.0
6597|1bbf891d-186c-45ad-8528-40af4c8de300|Berge Group|Pro Sidekick 195|4.0
8397|909ca93d-5c4c-4c58-88b7-4e965cb07bc3|Torphy Group|Pro Impreza 643|3.7
13995|0c5ce950-2f34-43e6-bf61-a20592adf4a7|Jones-Stokes|Sidekick TrailRunner 466|3.8
5995|46dc2282-3bde-4f81-b16f-1d366de23f63|Oberbrunner, Dietrich and Hickle|Max Perf 230|0.0
7595|5a54ab90-05ae-429c-b1c8-300839bdba45|Huel-Ortiz|Impreza TrailRunner 136|5.0
9995|967d043d-e3d6-49ca-92d2-f3d078100b77|Tremblay LLC|Perf Impreza 135|5.0
7995|909edaca-df3c-4b0f-9afd-f382d7c44080|Braun-Bruen|Spectra5 Perf 114|0.0
5947|c8c9110f-1b03-49b8-9c19-c872b8aec4c2|Oberbrunner, Dietrich and Hickle|Max TrailRunner 489|4.0
7995|b70b7195-d061-41a8-ab65-2767d5336223|Huel-Ortiz|Impreza TrailRunner 199|3.5
7995|ba953806-db27-4337-a004-23849b11fa81|Harvey-Kuhic|Max Impreza 625|0.0
9597|6c8b4858-9e37-428c-9615-25a890f84154|Langworth-Little|TrailRunner Max 270|4.4
16995|dc506e16-21a2-4c80-aa35-0af4d45c6ed5|Will Inc|Pro TrailRunner 941|5.0
6997|87d21a5b-b92f-4307-9a3a-fb113e34db33|Torphy Group|Max Perf 644|4.0
20995|2201a5c6-289f-419b-86b5-a03d458f6643|Grady Group|Spectra5 Perf 696|3.1
5995|9f81c14b-5af5-43a6-9e56-ddcca34cf225|Okuneva, McCullough and Reynolds|Spectra5 Pro 776|0.0
10497|12b98236-4ef6-4016-ab0a-51dbddb0f8c5|Jones-Stokes|TrailRunner Spectra5 393|4.0
6995|a40cd9c9-dc7f-47f9-b152-788c08ca62a1|Torphy Group|Max Sidekick 204|4.3
8797|2e403f77-23da-42fe-8cf1-ab2097d67d9b|Ankunding and Sons|Max Spectra5 686|4.3
15995|5bcfbaac-c9e5-49d8-9d52-b9b2ef27093f|Grady Group|Impreza Sidekick 194|4.7
15995|a03023a4-b1b5-4893-a67f-9bba3c1bea03|Braun-Bruen|Pro Perf 198|4.5
12995|c3ec525b-c6fd-42e8-9a9c-557719845908|Ankunding and Sons|Perf Max 799|4.0
8397|fb5fa0a7-3d30-498c-bd2b-5294ba74d02c|Tillman, Effertz and Nikolaus|Perf Sidekick 666|0.0
8995|03c4c799-bec3-41fd-94b3-8e668d8b094d|Langworth-Little|Pro Perf 874|0.0
7995|26ea9148-b0de-4d4b-8a01-c915800c2f23|Ankunding and Sons|Pro Perf 959|5.0
15995|84f3a1ec-88da-462c-a7b2-e763da0aac91|Ankunding and Sons|Impreza TrailRunner 673|5.0
3997|b47d3d2b-c070-46b6-b5ef-f8a5e268d844|Lebsack, Wiza and Jakubowski|Perf Sidekick 423|0.0
14995|fc8a23df-e3d8-437e-a875-24255578a30e|Tremblay LLC|Pro Perf 814|0.0
15995|b32fe181-6cf1-44cc-b34b-2325bf8e2e86|Oberbrunner, Dietrich and Hickle|Perf Sidekick 175|4.4
11995|a9642e2d-2f41-4c16-8207-763ee2e75174|Oberbrunner, Dietrich and Hickle|Pro Sidekick 928|3.9
5495|a1229c0d-95e9-4401-977b-ca576c0c84b2|Jones-Stokes|Max TrailRunner 259|0.0
7995|5c5b50d2-1b91-4aa8-a253-318ecfb30c43|Langworth-Little|Max Impreza 379|0.0
13995|f2700269-3128-42ce-a104-1197600047da|Beer, DAmore and Wintheiser|Pro Max 984|4.5
9995|02a5332d-0606-4dff-b33b-b4895b4f524a|Macejkovic, Walter and Cummings|Spectra5 Pro 125|0.0
8995|d4d48fc1-f5f0-4128-b7a8-6e76e665e562|Gleichner-Buckridge|Impreza Max 474|4.5
7697|2c7ce1d1-694e-446b-a347-9b5948ba8593|Grady Group|Spectra5 Max 590|4.7
11995|867379f5-c79b-40d3-993a-579b9acbc473|Berge Group|Perf Sidekick 684|0.0
7995|52473da4-5d32-4811-9d8d-b7f9c2f58f4f|Macejkovic, Walter and Cummings|Sidekick Spectra5 119|5.0
10995|1eb031e5-af44-4f9a-b398-a1d038fbaa50|Jones-Stokes|Perf Max 266|0.0
16995|2b6ee5b5-be6c-4437-b7e4-b97a9189c466|Torphy Group|Pro Max 398|3.7
9995|3143e6e2-6bae-4dd3-ace5-a426849a12b0|Oberbrunner, Dietrich and Hickle|Perf Sidekick 580|5.0
8995|de9d23bc-ab44-40fd-a425-f388164b905a|Williamson Group|Sidekick Perf 331|4.8
10995|ba8c855c-1066-4881-93de-b76cdebf5a37|Renner-DAmore|Max Perf 788|0.0
7995|fcd4858e-50f6-4fac-82b5-6459375299d5|Tillman, Effertz and Nikolaus|Sidekick Impreza 480|3.9
7197|88f8e7cd-ee98-4d9f-9950-d476e0c05fca|Williamson Group|TrailRunner Pro 325|3.0
11197|d5c2d55a-d2ce-416a-b035-c0eb33f34bdc|Lebsack, Wiza and Jakubowski|Sidekick TrailRunner 910|5.0
6995|e41b9ee0-063d-45e3-957b-843957702ead|Harvey-Kuhic|Perf Spectra5 575|4.9
15995|8e1ea0ef-279d-4f9d-8c95-e198ef915482|Macejkovic, Walter and Cummings|Sidekick Spectra5 659|3.1
1595|be4d7e53-0d39-4501-8cb4-7d7712b77ed6|Oberbrunner, Dietrich and Hickle|Pro Max 734|4.5
13995|02fc8aaa-e572-4eff-96a1-fbe769d05768|Grady Group|Perf Max 285|4.6
15197|9f56111d-da20-49da-b2a8-69eb07da2b37|Okuneva, McCullough and Reynolds|TrailRunner Sidekick 163|4.1
9637|61548954-f465-42c3-94df-b912a15e9a7d|Okuneva, McCullough and Reynolds|Impreza Sidekick 539|4.4
12995|5cd08801-9227-40be-a31e-5c55f04da242|Jones-Stokes|Impreza Pro 136|0.0
11997|ea0f3b39-7d6e-4138-ab34-765808af2f77|Braun-Bruen|Spectra5 Perf 933|0.0
7995|287c9a70-509f-4329-9637-637dd5c7f4eb|Oberbrunner, Dietrich and Hickle|Pro Impreza 496|0.0
10995|3a180da5-58e2-4a26-acc1-69b9e9628a2a|Gleichner-Buckridge|Impreza Spectra5 995|3.7
13597|388bd36d-c0e1-4ff7-84c0-e442b5fe9099|Ankunding and Sons|Impreza Sidekick 489|4.4
18995|54fec324-2b58-4736-a9f3-265471d4ec38|Braun-Bruen|Max TrailRunner 993|0.0
6495|410adfe0-910f-4fec-9a4b-8acd9501ad02|Gleichner-Buckridge|Spectra5 Sidekick 387|2.0
8995|a77882e4-8b25-43f0-b2e9-fe4f3cc05098|Tremblay LLC|Perf Spectra5 309|4.8
9995|59fb6f80-1362-4f48-b469-ad44b7d6ab7f|Langworth-Little|TrailRunner Perf 541|4.0
11995|a9661ea2-f65d-46bb-9feb-f665c4407131|Grady Group|Spectra5 Pro 159|5.0
7197|83c77f30-19d2-4409-bfb1-4215bae61f61|Gleichner-Buckridge|Perf Pro 517|4.4
12995|f1b21c96-ca48-4b73-85c1-d879522a0293|Harvey-Kuhic|Spectra5 Sidekick 936|5.0
12797|9fe6bd1f-bdb6-4172-8b69-3cee0287d044|Torphy Group|Perf Max 725|3.8
7197|2fa8bbe3-93b5-4a36-9bfe-4a205e25cad5|Beer, DAmore and Wintheiser|Impreza Max 990|3.7
10995|ea6e422d-8099-42ce-b17c-fb64888f648a|Jones-Stokes|Impreza TrailRunner 937|4.5
13495|d4d0e2db-251c-4ee1-bc01-50f76b3dc6eb|Harvey-Kuhic|Perf TrailRunner 754|3.6
12995|9c1c01e7-a914-485c-a6f7-6b4a0ec89383|Huel-Ortiz|Sidekick Pro 583|0.0
7995|d9769e1c-896d-48d1-9ea6-8a5173a88f79|Macejkovic, Walter and Cummings|Spectra5 Max 367|3.6
14995|a9e01592-cbb5-4c34-a79c-3d5cca611cbb|Torphy Group|Pro TrailRunner 582|4.6
11995|783a634e-8972-4029-9401-9544d0a55262|Oberbrunner, Dietrich and Hickle|Impreza Max 353|4.2
15995|84bde206-6b56-4218-8a03-f5f967f6b1d3|Williamson Group|Sidekick Impreza 804|0.0
5247|1048bff7-8e5b-44a1-a495-878c44915b7b|Braun-Bruen|Max Sidekick 923|0.0
14495|91de291a-c9c9-4cb9-8506-5ef6cd0dbb39|Tremblay LLC|Sidekick Spectra5 545|4.3
13995|193bcd6b-3147-43e0-bd81-90f83e550722|Tremblay LLC|Pro Max 549|4.0
10995|7e80da66-bf4c-4e5c-a79c-7a6c48bc421e|Grady Group|Impreza Sidekick 956|3.9
10995|440cf997-56d4-4c04-b8c0-97bc3b2ab2df|Oberbrunner, Dietrich and Hickle|Pro Perf 899|4.6
12995|1d1bb666-9b3e-4145-95cf-588cdad55e34|Langworth-Little|Pro Sidekick 392|0.0
4497|6756e15f-4254-4bdb-b0f9-f45eabab5d47|Harvey-Kuhic|Impreza Perf 690|5.0
5295|8ea940d6-b07c-4d1a-b516-c2b7dd36d318|Grady Group|TrailRunner Spectra5 931|4.1
9995|e70b3d65-344e-4b2d-8f32-c23213e3defa|Renner-DAmore|Spectra5 TrailRunner 919|4.2
8495|6c8dc82f-c960-4c98-bc7a-54cc2baba14e|Berge Group|Max Perf 632|5.0
8995|17366484-6249-45c4-a2be-9b3b3f7f2367|Grady Group|Perf Max 705|4.6
16995|8b9d6445-83c1-4e91-97c9-453191ac63b3|Torphy Group|Pro Perf 284|0.0
4797|28d29154-39a8-491b-b66c-1f1b4d3eb9d0|Will Inc|Max Impreza 407|0.0
21995|5809315c-2ec7-4df2-ac84-5552589f8d80|Jones-Stokes|Max TrailRunner 187|3.5
7995|cdd6158d-2daf-49ca-8750-5ad256b797fa|Williamson Group|Max Spectra5 450|0.0
18995|7189654d-5fbb-4a56-88be-bbdf265f9d0a|Jones-Stokes|Pro Perf 409|4.1
12797|78dd9661-47fc-4e27-8f45-3251959b67a3|Langworth-Little|TrailRunner Impreza 723|4.2
12995|bed960fb-742d-4c41-b2fc-bbe33ac625e5|Oberbrunner, Dietrich and Hickle|Pro Perf 534|4.6
7997|a0ec0de5-26e3-4d5d-a1fa-42f99ab5b303|Torphy Group|Spectra5 Sidekick 404|3.4
9995|1698e143-9892-49f5-b2c2-2e695dd11975|Gleichner-Buckridge|Impreza Spectra5 672|4.7
18995|f3a4f177-10c2-4c94-a6e4-10a2fb285c69|Torphy Group|Perf Sidekick 251|4.8
11197|c563d94a-34ed-4d9d-9841-563fbd38ecbe|Tremblay LLC|TrailRunner Sidekick 217|0.0
7995|5a76a91a-fbdc-4b9a-a3e4-34815571f660|Harvey-Kuhic|TrailRunner Pro 785|1.0
5247|3e9a00bd-f3db-4405-97bf-bf3fd797a413|Oberbrunner, Dietrich and Hickle|Impreza Sidekick 148|0.0
8997|f004e64c-35f7-4db0-8287-de0a02d302ad|Gleichner-Buckridge|Perf Impreza 938|0.0
6397|8f2e0219-e8d1-48e4-8630-1507f89649db|Williamson Group|Spectra5 Impreza 961|5.0
8995|6dc72792-4fac-451a-8828-fcf7841f5b77|Ankunding and Sons|TrailRunner Max 490|0.0
9995|08527b51-52bc-4055-bc0d-2b6498378aa1|Tremblay LLC|Spectra5 Pro 614|3.0
14397|3d3fda9d-6c56-4df1-b910-73e6f80dd6cf|Williamson Group|Sidekick TrailRunner 272|3.0
11995|8fec8467-ad6b-4e7b-9f00-21eac3bb74de|Lebsack, Wiza and Jakubowski|Spectra5 Max 608|0.0
14995|4ae71e58-6e60-4e23-bec8-ac19362b6a26|Lebsack, Wiza and Jakubowski|Max Spectra5 428|0.0
7797|02e80dd7-c6b2-4d50-94aa-10fbd76aca6b|Williamson Group|Max Perf 704|4.4
9995|c5028f4c-2802-49b0-8199-a6a631078f61|Tremblay LLC|Max TrailRunner 318|3.6
16995|620f4942-a021-4a9a-87d7-b0b7c993b834|Huel-Ortiz|Perf Spectra5 269|5.0
15995|246af6a5-6930-4e37-b0bb-b38e4b37ef21|Williamson Group|Sidekick Pro 392|5.0
3995|724d7022-ca40-469f-a37d-ac2d2eb1309e|Beer, DAmore and Wintheiser|Spectra5 Sidekick 430|4.0
13597|cff76471-16e8-4c19-9430-0419b2e19eed|Ankunding and Sons|Impreza Spectra5 751|3.7
14995|d80c8074-b04e-47da-93ae-6870094a701e|Beer, DAmore and Wintheiser|Pro Sidekick 820|0.0
10197|0cafdf03-6139-4ea0-91aa-4c785e9e794c|Oberbrunner, Dietrich and Hickle|Spectra5 Impreza 242|4.1
5997|47878254-98c6-4fae-adca-2ab09cb2cc2d|Renner-DAmore|Perf Impreza 171|4.5
9995|81859255-bb5c-4b89-8397-2504fe6cb7c6|Renner-DAmore|Impreza TrailRunner 626|5.0
12995|fb0bcd57-1c67-44c6-bfc0-c947c381a6b5|Braun-Bruen|Max TrailRunner 209|0.0
11995|d0e7c2c6-69e8-4fa8-a6d3-912474539104|Langworth-Little|Spectra5 Sidekick 345|0.0
4495|61335379-87f3-43c4-853c-b2baa790fe43|Renner-DAmore|Pro Perf 668|0.0
10995|d302eadb-33b7-427b-992f-e8a356e0d57d|Braun-Bruen|Max Spectra5 678|5.0
11197|d02465c7-b3c8-455d-9e13-5ab78fcc8292|Tillman, Effertz and Nikolaus|Sidekick Spectra5 556|5.0
8995|7bb3751a-856c-41f4-b323-eff9707adb6a|Tremblay LLC|Perf Impreza 773|5.0
7797|47e93ff9-453e-413b-bee0-75c2ffb4c767|Gleichner-Buckridge|TrailRunner Sidekick 277|3.7
15995|9a28587c-808c-4542-8e5c-1e56c2306d11|Berge Group|TrailRunner Perf 892|0.0
5597|1f9ace66-54dc-44f2-89e5-3786d011289f|Langworth-Little|Sidekick Spectra5 970|4.4
10995|dbcd91db-8616-4818-a381-4792dc2d533e|Harvey-Kuhic|TrailRunner Impreza 526|4.8
11197|2f7a17a6-f534-4547-bb34-206a680c7d4d|Huel-Ortiz|Max Sidekick 402|4.6
8397|5f962e57-4caf-452e-b3bd-35284b234a01|Tillman, Effertz and Nikolaus|TrailRunner Sidekick 683|0.0
9995|54632ad5-fa8a-4c6e-9447-f1dc063d5a6f|Langworth-Little|Spectra5 Pro 988|0.0
14995|ddc6956c-2775-41fd-b3ca-3249d66a37ed|Renner-DAmore|Max TrailRunner 306|3.3
1995|72978157-425b-4d09-a34d-ae8359d2e9ec|Torphy Group|TrailRunner Perf 331|0.0
5495|57113f50-39db-4690-ad7d-d1f39ed3b38c|Torphy Group|Impreza Pro 467|0.0
5495|7406e1f6-6ec0-4f8e-bcd9-179a771a88a6|Jones-Stokes|Perf Max 293|0.0
22995|d13d1fac-c8d6-48b8-bfb1-658749f98eed|Okuneva, McCullough and Reynolds|Max Spectra5 457|0.0
7995|4e2ee050-aec2-449e-8ae1-ce2830cf596b|Langworth-Little|Impreza Sidekick 151|0.0
7995|1644644b-0d36-42d0-bd3a-fe753d37e473|Grady Group|Impreza TrailRunner 264|0.0
16995|ec756e23-e52b-4b04-984c-23b87e297fd3|Macejkovic, Walter and Cummings|TrailRunner Impreza 147|4.5
2495|407365f3-868e-461c-a0a0-9033a04f5fb9|Will Inc|Sidekick Impreza 889|4.3
5397|22636e54-3adf-4109-adc1-04309f030556|Macejkovic, Walter and Cummings|Spectra5 Pro 713|4.6
14995|5598278e-32e5-4184-ab99-37490ce10909|Berge Group|Max Pro 667|5.0
7995|9a26d080-f70f-48a5-90e6-73fc8f8791c1|Braun-Bruen|Sidekick Impreza 233|0.0
6397|93bcf1a8-6846-43c1-a247-9b866d9c6a4e|Lebsack, Wiza and Jakubowski|Pro Spectra5 353|3.0
7197|6505f118-828a-45bf-99fe-a8edfc946939|Tillman, Effertz and Nikolaus|Pro TrailRunner 985|3.2
7997|8ba6a0a4-b76c-40e6-ba4b-cd34c3db931f|Oberbrunner, Dietrich and Hickle|Sidekick Spectra5 171|3.7
12995|88cfd520-3704-4d64-b553-4da014752f80|Jones-Stokes|TrailRunner Spectra5 193|5.0
10995|8f7f0c6c-6f0e-49a8-80ff-6a2c327d24d2|Huel-Ortiz|Sidekick TrailRunner 377|5.0
6397|6ed9b0a5-eefc-4b53-9358-fdcf493e7d6a|Tremblay LLC|Pro Perf 837|5.0
7995|d6077b58-6e7a-439b-aeec-2e9a241c0f7d|Berge Group|Max Perf 445|0.0
5495|f41d3390-0bd3-4b0f-bf5d-6c79c89ef97d|Braun-Bruen|Max Spectra5 691|0.0
7995|763986c6-87b4-4e73-9cf4-88e2f903d6df|Torphy Group|Max Spectra5 767|0.0
6495|95bbc0ec-c340-4c95-aafe-a6303f3c963e|Okuneva, McCullough and Reynolds|Spectra5 Perf 152|0.0
5495|81db8964-cffd-4a0e-ad19-aa145b9ca6f6|Huel-Ortiz|Perf Impreza 792|0.0
8995|c4645208-a8fb-465c-a6d3-f6eb85a8f208|Jones-Stokes|Sidekick Spectra5 738|4.2
10495|7c9d34b5-97bc-44b1-a727-89521cc1a452|Langworth-Little|Impreza TrailRunner 856|0.0
10995|3e4e7cc6-0b6d-403c-8aa4-c5539020d660|Renner-DAmore|TrailRunner Impreza 220|4.7
5995|d2171e80-aedd-4b1a-b470-22075d5866d5|Gleichner-Buckridge|Sidekick Pro 241|0.0
11995|1a5e130c-bc68-44f1-877d-4d46775a2b6b|Lebsack, Wiza and Jakubowski|Perf Max 972|5.0
9495|c166c870-8bb1-4d29-b530-419ee4035e63|Gleichner-Buckridge|Sidekick Impreza 797|4.5
15995|2652dca4-345e-4bf4-832a-f21477e78875|Berge Group|Spectra5 Impreza 109|4.0
13995|3f8fec3c-007a-4629-ba81-76387270e8f5|Oberbrunner, Dietrich and Hickle|Sidekick Spectra5 365|4.2
6495|a868aee7-aca7-4f43-aec3-0aba9ea17a6c|Torphy Group|Impreza Max 772|2.0
8495|b7c32ce1-d028-4342-88fb-d746f4bf3f76|Oberbrunner, Dietrich and Hickle|Impreza Spectra5 343|5.0
6995|cb2d1204-af13-4539-871a-0990c3762a43|Langworth-Little|Impreza Max 457|0.0
7295|2a92658f-1a20-4e9d-9572-49f2541eb80f|Berge Group|Impreza Sidekick 384|4.5
5995|2871c35b-1900-418c-b486-cfb30d09f245|Lebsack, Wiza and Jakubowski|TrailRunner Max 819|0.0
9597|41cae053-36df-4bab-aa9b-66f12468f7e9|Berge Group|Pro Perf 701|4.2
7995|fdf486d5-1b57-4310-8afe-84e87f2756d4|Huel-Ortiz|Max Impreza 147|0.0
3497|0ffc7a52-423c-49c9-ae96-7b2968be5d4b|Ankunding and Sons|Impreza Pro 716|0.0
22995|ef2c17af-f0c9-4146-ae36-1903ec5f45af|Tillman, Effertz and Nikolaus|Pro Perf 793|5.0
6997|fa7d3924-645e-47c0-aa67-af247e913473|Oberbrunner, Dietrich and Hickle|Perf Impreza 599|4.5
13995|ee9d8f60-9458-4ca9-93cc-7ffdaef5dc78|Lebsack, Wiza and Jakubowski|Sidekick Pro 650|5.0
14995|6e16d638-0c32-4bba-a053-2988a8e91ae3|Grady Group|Sidekick Spectra5 267|0.0
6397|298da9ce-76e3-4ca1-9e03-f24498ef0815|Williamson Group|Sidekick Impreza 124|5.0
15997|c5aa8985-4dcd-4ab5-a008-c143f7fa59f5|Grady Group|TrailRunner Spectra5 479|0.0
13995|9a23d60d-1109-4b18-acd8-9ab1d38aaec9|Harvey-Kuhic|Max Impreza 887|0.0
6597|3b9fd65f-ec53-42cc-837e-e45fda98d2ab|Tillman, Effertz and Nikolaus|TrailRunner Pro 400|4.5
14995|4764ffad-30ed-45e0-9db7-5289b8ccf082|Lebsack, Wiza and Jakubowski|Perf Sidekick 730|0.0
6297|88c1cd12-54f8-47da-b660-204735dd0c05|Oberbrunner, Dietrich and Hickle|Spectra5 Pro 870|0.0
11197|af6c0ab7-ab6f-4577-91ca-6cb5d8fe8d96|Lebsack, Wiza and Jakubowski|Perf Pro 611|5.0
2795|188b083c-11fa-4103-bfd7-6e6161f1a89a|Beer, DAmore and Wintheiser|Perf Sidekick 433|3.0
8797|ef100284-309a-4e21-97ff-22ad4ad7aaa0|Tremblay LLC|Perf Sidekick 851|4.4
6495|89f74005-782c-472c-ae00-cb576f9fb20a|Tillman, Effertz and Nikolaus|Spectra5 Max 892|5.0
7495|a4c6441d-0bdc-4c9a-b8c6-c429c98b3c63|Tillman, Effertz and Nikolaus|TrailRunner Impreza 114|0.0
10995|c9ffcdd1-5d55-4425-97dd-146881b11fd9|Macejkovic, Walter and Cummings|Perf Impreza 362|5.0
9995|72ec9fa1-b04e-4d7a-bdb7-4fd038d57fe9|Jones-Stokes|Impreza Max 826|5.0
19995|c891db40-65ea-4870-a409-3316c472f4b4|Harvey-Kuhic|Max Spectra5 951|4.7
5495|7e5f9a9c-5832-4b8e-8ddf-78e1e0c577c3|Oberbrunner, Dietrich and Hickle|Pro Perf 660|5.0
10995|a40d0f50-37c8-4ec7-8306-ed6ed1d4862e|Gleichner-Buckridge|TrailRunner Sidekick 904|0.0
6997|6095001b-07f3-48eb-a982-6cd15197d053|Renner-DAmore|Perf Impreza 385|3.6
4897|6b5e41ec-ab83-47e5-956c-fc11b71e22a1|Renner-DAmore|Spectra5 Impreza 902|5.0
13995|8ee07f9e-fc90-4f7b-9d4f-f4d8676d8f40|Macejkovic, Walter and Cummings|Perf Impreza 521|4.6
3497|27bf70ea-1ebe-4b10-92ef-77def8085770|Tremblay LLC|TrailRunner Sidekick 237|0.0
9995|7bcc316b-6f5f-4ccf-945b-1734b4b5478f|Oberbrunner, Dietrich and Hickle|Impreza Sidekick 777|0.0
11995|e97a33f0-013e-4f29-ae32-e3134240ec3c|Harvey-Kuhic|Max Impreza 723|4.3
13995|c006acd9-33b8-4327-979a-33d75867ae63|Berge Group|Max Pro 735|4.5
8997|3bb93f37-0566-422e-9a53-ca2ef080c689|Ankunding and Sons|Impreza Sidekick 654|0.0
6297|5d1e48b9-dc1a-4b80-b476-2bcef8fff584|Macejkovic, Walter and Cummings|Impreza Sidekick 898|0.0
12995|b465b403-1aaa-44bf-ab75-ea40bcea563f|Oberbrunner, Dietrich and Hickle|Pro TrailRunner 504|0.0
12797|1efe8567-ff7d-4033-a012-c91512384c1b|Beer, DAmore and Wintheiser|Max TrailRunner 349|4.5
5597|5b9637ed-831f-4ad7-9df1-09ea17f18b3a|Gleichner-Buckridge|Max Spectra5 503|2.5
3497|42ea031e-d978-409b-9b99-32afd1c77ebb|Oberbrunner, Dietrich and Hickle|Pro Sidekick 644|0.0
2097|adfa5940-85b4-4e02-8a8d-23d4b73cf48c|Berge Group|Sidekick Max 456|0.0
24995|f6160606-2b83-4084-a630-c59749c3f50a|Langworth-Little|TrailRunner Max 422|5.0
4995|75a442d5-44b8-412a-b821-f13990f52a58|Okuneva, McCullough and Reynolds|Perf Max 559|0.0
18995|489c43a0-93ec-47fe-8526-da2fe79ede62|Williamson Group|TrailRunner Max 743|0.0
1595|7f366cb3-0cba-4906-a183-1c175169afd3|Braun-Bruen|Sidekick TrailRunner 843|3.8
11897|57985734-f25c-4f38-b1ec-7a96462953f9|Grady Group|TrailRunner Spectra5 247|4.4
14995|fb1d5208-03cd-4543-9442-0c9c7527c3ef|Jones-Stokes|Impreza Max 454|5.0
6397|72576aa2-964d-47bb-a09c-9154ab09304a|Tillman, Effertz and Nikolaus|Max Impreza 803|3.7
15995|83cc3e6b-344f-4877-ac16-07c7b5e74a49|Torphy Group|Impreza Perf 594|0.0
21995|b88179e9-9588-4585-ba45-da26f121fb89|Braun-Bruen|Pro Perf 752|0.0
15995|b2cc827d-3b93-462b-89c1-a7bdfb1cd883|Gleichner-Buckridge|Max Sidekick 868|5.0
7595|cc992519-6150-4570-8026-5fb2f1a430f5|Jones-Stokes|Spectra5 Sidekick 595|4.5
15995|26ff556d-0e6c-41b9-bd77-cb49e6eb0ed9|Macejkovic, Walter and Cummings|Impreza Max 771|2.9
11995|73228b72-b347-44ea-8911-9e07c6a21ebb|Langworth-Little|Pro Perf 847|5.0
4995|fbc0dad8-40ae-46c2-88f7-4cf89a42f277|Okuneva, McCullough and Reynolds|Pro Max 634|0.0
10995|32b7dfbc-2a19-4bdd-853e-b95486f47c9f|Ankunding and Sons|Sidekick Pro 258|0.0
16995|e5f78dec-e921-4f26-97c2-5fc13b0586a2|Harvey-Kuhic|Impreza Sidekick 956|4.0
15995|d1f1bda6-3c48-418c-8cf2-ca31ab82e640|Ankunding and Sons|Impreza Spectra5 435|3.9
4797|07327340-bc04-4e15-98f0-41913f10b635|Beer, DAmore and Wintheiser|Sidekick Perf 670|4.4
9097|3abba947-b875-41a7-b240-58863ed75016|Beer, DAmore and Wintheiser|Max TrailRunner 759|4.8
13597|d2e4b3b1-f630-4d07-92ab-65c95e59fd81|Renner-DAmore|Sidekick Pro 145|0.0
9097|053ab027-7fc4-4fec-8888-d2e617020995|Huel-Ortiz|Spectra5 Max 220|4.1
10995|6941bd0e-b22b-4e6b-99ca-39e0ba5cfef2|Ankunding and Sons|Perf TrailRunner 915|5.0
4495|04bb8a40-1546-4ea0-96ef-bea7bf5ec4e8|Grady Group|Pro TrailRunner 917|0.0
12995|2850194d-501b-430e-be9d-71756ac8ef0d|Will Inc|Pro Impreza 343|5.0
5247|6eab993c-d5b1-490a-ad1d-e6574698254d|Ankunding and Sons|TrailRunner Perf 299|0.0
21995|2ae26388-fc97-4170-a3a4-c8b02b31a803|Okuneva, McCullough and Reynolds|TrailRunner Impreza 984|0.0
10397|92b9eedb-3142-482a-8ca4-d4d10ab70049|Grady Group|Impreza Pro 596|4.1
15995|bc2a4757-eb5f-4e95-a5c2-756fc731a01d|Renner-DAmore|Max Impreza 458|4.0
5495|dba9274c-efe4-456a-9a33-8bc40bd3a865|Gleichner-Buckridge|Perf Spectra5 914|0.0
8995|750f3e4d-3f5a-4d65-94b3-7c5f2914ffe0|Langworth-Little|Max Impreza 699|5.0
7995|2e9e598f-e391-4f3c-91d4-f33390eaf256|Langworth-Little|Pro Sidekick 723|1.0
11897|fd946f4c-a534-4cba-b639-56a41af1fe4c|Oberbrunner, Dietrich and Hickle|Pro TrailRunner 316|0.0
9995|f13d935d-75fb-401e-871f-6a5b7c78ce2d|Harvey-Kuhic|Max TrailRunner 910|4.7
9995|8cd172e6-e17d-4ab5-832d-6d88aeef676b|Torphy Group|TrailRunner Pro 340|4.4
8995|42d47db9-ee3b-4bb1-8093-12a9ec68af1e|Braun-Bruen|Pro TrailRunner 619|5.0
11197|6f83c664-0824-4e29-8182-d78700d8533b|Berge Group|Spectra5 Impreza 301|5.0
4495|bd013ac3-2026-4228-b3d0-ab0695525c8b|Tillman, Effertz and Nikolaus|Max Impreza 151|4.3
10995|cfe4fc90-a201-4c55-8d50-6c7b80a7c5f3|Beer, DAmore and Wintheiser|Spectra5 Sidekick 734|4.1
18995|dd794300-6b3b-44ca-8ec2-74517340584a|Torphy Group|Impreza Spectra5 419|4.6
6995|4504ef87-eb8a-4c3d-a584-6d22f3101b54|Torphy Group|Perf Impreza 118|0.0
6995|c21af295-215c-405a-9b4f-ab14c03b6413|Will Inc|Perf Impreza 714|4.0
4495|104a7fc4-155b-4ab2-8844-02df357a1514|Langworth-Little|TrailRunner Spectra5 859|0.0
12995|ea20c85a-2246-44b3-a810-b89f3c10a0e6|Renner-DAmore|Max Impreza 971|3.9
7697|983f7021-ae78-41fc-ad33-9547353cadd2|Lebsack, Wiza and Jakubowski|TrailRunner Sidekick 705|4.3
6595|13ff87b1-265b-408a-9924-71d2178701a6|Ankunding and Sons|Spectra5 Sidekick 381|4.2
7197|44644931-6139-49bb-b841-fa82be1e0e86|Beer, DAmore and Wintheiser|TrailRunner Max 340|5.0
5247|a68be6d5-1c30-43f5-a212-2b45be5ad9d2|Okuneva, McCullough and Reynolds|TrailRunner Pro 732|0.0
11995|dbf8a79f-568e-4689-a284-f635cd5c1f8d|Ankunding and Sons|Perf Impreza 441|0.0
8397|f4e00004-154e-4545-ae39-2d082baa1e82|Tillman, Effertz and Nikolaus|Impreza TrailRunner 173|5.0
4495|6a36ebb3-11f2-41d4-b001-668679ce1d4e|Renner-DAmore|Perf Sidekick 563|0.0
8495|6d425e1b-04d1-4934-95a8-c5d58e34b46e|Grady Group|Spectra5 Sidekick 715|0.0
15995|ee9b58f1-c1b5-464e-8545-e1d9de8eb377|Ankunding and Sons|Impreza Perf 573|4.2
15995|c7474ab4-0cc4-4521-9952-b081a5b84fed|Braun-Bruen|Spectra5 Impreza 865|0.0
9597|11cfa5cb-0f09-4158-9a61-4f0197bb3557|Tremblay LLC|Pro Perf 524|3.0
6397|fca33410-f092-4db6-b8be-d64a7472eef3|Will Inc|Impreza Pro 903|2.4
5947|f20de15a-b887-4576-a890-ea5ce57159cf|Grady Group|Pro TrailRunner 577|5.0
9995|e1ac7b3f-3440-44ae-82f8-174ad4e4ccb7|Gleichner-Buckridge|Impreza Perf 368|5.0
9797|5db9c370-c569-43d3-ad64-8657b8ecfc06|Lebsack, Wiza and Jakubowski|Pro Impreza 499|0.0
11995|8363d5bf-215a-4b02-8067-501dac042324|Lebsack, Wiza and Jakubowski|Impreza Max 218|4.8
5947|f4eff5c1-e14f-4740-9b9e-af9f974806d0|Braun-Bruen|Pro Spectra5 381|4.0
6495|fb02ce6f-fa2f-44b6-874f-fbf18c966b9e|Oberbrunner, Dietrich and Hickle|Impreza Pro 900|3.5
19995|1330d472-f96a-4df2-b96b-b247c24bcdd2|Lebsack, Wiza and Jakubowski|Pro Sidekick 183|4.8
15995|d1f421a3-cee7-4339-adfe-05c86ca27496|Huel-Ortiz|Perf Max 548|4.4
19995|9896a876-c66a-421e-8610-7abc374e48d9|Huel-Ortiz|Spectra5 Pro 220|5.0
12597|c70519ee-f1f4-4ac8-8d4f-8768f3b6ad4f|Gleichner-Buckridge|Sidekick TrailRunner 678|4.1
5397|0b81d54e-6cff-42e5-8c38-0f225e99c2f7|Tillman, Effertz and Nikolaus|Perf Impreza 492|3.4
15995|42ef6bb1-17be-4798-896d-ffe972628f8c|Macejkovic, Walter and Cummings|Pro Spectra5 359|0.0
11197|690a6a37-ed5d-4a4e-82ef-8d6c198dc004|Williamson Group|Sidekick Pro 932|4.7
14397|aea141e7-f180-4949-a311-f93a11bc68b9|Macejkovic, Walter and Cummings|Max TrailRunner 609|4.2
11995|c9217b94-786c-4e0a-bf1a-b3909d024a28|Huel-Ortiz|Sidekick Spectra5 159|0.0
6597|a79fd26d-8e31-4174-8a08-c495438c424f|Beer, DAmore and Wintheiser|Perf Sidekick 408|4.1
9995|47427f55-97d1-4fb1-a6fe-a09461e31291|Lebsack, Wiza and Jakubowski|Impreza Max 907|2.6
10995|59adf9c9-0862-46ec-b764-73725882fce6|Williamson Group|Perf Sidekick 797|4.2
3147|7a1cedfd-0933-4bb3-829f-0537ca273442|Jones-Stokes|Impreza Spectra5 594|2.0
5495|66308d8d-5d8d-454e-93f3-252eea3467a4|Will Inc|Sidekick Spectra5 669|2.9
8397|7b228878-6b27-46a5-abc9-711e3942b60c|Langworth-Little|Perf Max 938|5.0
11995|39617d8a-a08c-45ac-9dad-5bc3487dea7d|Renner-DAmore|Pro Impreza 864|4.5
7995|4934de66-102b-48ba-84ba-85bf0800762c|Lebsack, Wiza and Jakubowski|Impreza Perf 348|5.0
17995|2d587f9d-bb60-4e67-a347-2519ea49db23|Harvey-Kuhic|Impreza TrailRunner 302|0.0
15995|6c5cc0c8-12cc-4903-a7f0-f9f2cf5f1edd|Torphy Group|Sidekick Max 581|5.0
7697|587b061c-9c83-46fc-b0ec-deee68e77e36|Beer, DAmore and Wintheiser|Max Spectra5 249|0.0
7697|8248d1a9-e092-4256-87bc-ca0e757423ea|Ankunding and Sons|TrailRunner Pro 193|2.7
13597|0761d15d-0f90-4aa7-889d-9fa50941226a|Okuneva, McCullough and Reynolds|Impreza Sidekick 459|5.0
8797|cae8dccd-6cf7-4536-bf55-ba515e9db13d|Renner-DAmore|TrailRunner Impreza 392|5.0
5995|195fbd5c-56ea-452d-b092-68ee6547b2e9|Okuneva, McCullough and Reynolds|Sidekick TrailRunner 994|0.0
6995|f28f9b90-47f5-4235-a05c-8d7a16dcd369|Renner-DAmore|Max Sidekick 608|3.8
5597|94fb98ab-2639-4393-9153-0a17a733ffe7|Macejkovic, Walter and Cummings|Impreza Pro 621|3.9
6495|9b1c3533-48e6-4d3c-92cf-cd09267fbf73|Berge Group|Spectra5 Perf 331|3.5
7997|03e906b9-b45f-4487-874b-70797bf1882a|Will Inc|Max Spectra5 126|5.0
3497|15a96f3a-9c23-448b-b383-d3f555f8cc5b|Harvey-Kuhic|Spectra5 Sidekick 362|0.0
10995|33b35eff-fddf-4561-b526-7a735d810d46|Will Inc|Max Perf 679|4.3
11995|4bd28394-085a-4018-8c47-37f44ffdb67a|Renner-DAmore|Pro Sidekick 186|5.0
10995|df2bad3c-a6b7-464c-9279-3682b5b02a57|Huel-Ortiz|Spectra5 Impreza 732|4.4
22995|e9a2277e-be5b-4469-8bad-9618f6c3b8e3|Will Inc|Pro Sidekick 934|0.0
12797|ccf82a66-1bad-44e6-b784-922cdd3289e6|Renner-DAmore|Pro Impreza 859|2.7
6495|e0d9660b-c7c3-4fa2-a7dc-b14123c1a238|Grady Group|Max Perf 340|4.7
1595|52ae1822-173b-46d4-bee2-fe5e0937076e|Williamson Group|Max TrailRunner 305|0.0
18995|f395f627-44e2-44e4-a367-32b815045718|Beer, DAmore and Wintheiser|TrailRunner Max 234|2.2
9995|a309f8aa-907a-43c3-aae8-9d5234d04088|Okuneva, McCullough and Reynolds|TrailRunner Impreza 685|0.0
8495|5e3f4161-2c86-4b58-aeff-494acf06c073|Beer, DAmore and Wintheiser|Pro Impreza 597|0.0
13297|5e62ed7e-caca-41f1-ba99-a477fd813118|Beer, DAmore and Wintheiser|TrailRunner Impreza 452|3.5
12797|17215155-d06a-4f76-9e9a-89e42a327c40|Okuneva, McCullough and Reynolds|Impreza TrailRunner 252|4.4
11997|22a70022-da2c-4513-9b84-058e492ed23c|Langworth-Little|Pro Impreza 897|4.4
5997|09d0984e-963d-4606-8044-eab7896bf168|Langworth-Little|Sidekick Pro 521|3.4
11197|4a43bd7d-a00b-483b-9bb1-2364b777089d|Langworth-Little|Sidekick Pro 868|0.0
11995|c18897a7-a270-4347-9f21-11180a6397ac|Jones-Stokes|Impreza Max 317|5.0
7997|eedc389b-e847-4c72-9bdb-0116a179d11e|Braun-Bruen|Max TrailRunner 968|1.0
10995|d993a27e-3267-4e81-9937-903f8b7dedfd|Okuneva, McCullough and Reynolds|Sidekick TrailRunner 454|3.7
2495|41f04ff5-8094-46cc-86d9-a2be34a7bf2b|Okuneva, McCullough and Reynolds|Spectra5 Impreza 805|4.1
10397|cbbc4351-02ca-4120-95a3-eb2a848b2dde|Torphy Group|Max Sidekick 689|4.6
9995|549159e3-a2b2-41c8-8575-9129e48f4b87|Williamson Group|Max Pro 926|4.8
9597|27edd020-7871-469e-b5d0-c3ca50d0f39b|Braun-Bruen|Pro Sidekick 954|4.8
10995|cba60b4a-b2e5-46c6-a074-17af2b619450|Will Inc|Sidekick Perf 318|5.0
11197|89b9c81d-3c80-4a17-9081-4ba840c0c1c4|Tillman, Effertz and Nikolaus|TrailRunner Max 366|0.0
13995|8b8f7a3c-3e72-4e52-bda9-e6492150af2d|Berge Group|Pro Max 758|4.8
10995|3e35579e-8e93-45bd-a901-4d717c774faa|Huel-Ortiz|Pro Spectra5 126|0.0
8995|a90cb177-5a8a-40ca-ab3b-8960292de080|Grady Group|TrailRunner Max 693|4.8
8397|c17511d0-d1ca-4e67-b177-86eef13f3921|Will Inc|Sidekick Spectra5 445|5.0
4495|5a3601eb-f739-47f0-90ff-552bd5617546|Renner-DAmore|TrailRunner Spectra5 102|5.0
5247|6183add9-87e9-46c0-ad3d-e50d748e22ae|Beer, DAmore and Wintheiser|Pro Perf 961|0.0
11197|35c85386-ad54-4065-b94d-5bdba694ee4a|Torphy Group|Max Pro 121|4.5
3597|6403ac40-622a-4bdd-adec-a1c9111c5293|Tillman, Effertz and Nikolaus|Sidekick Spectra5 855|1.5
8995|9d63278d-8b8a-4706-b70c-b2dba7717101|Williamson Group|Spectra5 Perf 606|4.5
7995|a20366f5-a39d-45e0-a217-5be132c22fb5|Tillman, Effertz and Nikolaus|Sidekick TrailRunner 801|0.0
7495|bc29ebb7-c567-4043-9caf-024fe9ed1094|Jones-Stokes|Sidekick Pro 270|2.8
3997|89d3777c-36d2-4dbc-ac37-dacb9556e87c|Renner-DAmore|Spectra5 TrailRunner 642|0.0
22995|673a2890-b959-4d3e-b855-f6dc1ea91e61|Huel-Ortiz|Impreza TrailRunner 735|5.0
6317|1908abd2-33d7-4d48-8575-f12bce936562|Grady Group|Sidekick TrailRunner 805|3.8
11995|8529ea4b-d989-4279-9159-1768fce0fbc8|Jones-Stokes|TrailRunner Pro 157|0.0
13995|e1930273-4c10-4491-b8a0-251d0b2afd80|Grady Group|Pro Max 470|0.0
7697|0253c5af-9707-45fb-b850-15234e1a5b99|Will Inc|Pro Spectra5 539|5.0
15995|ba51961c-d724-4653-ada1-2ee990165845|Tillman, Effertz and Nikolaus|TrailRunner Spectra5 764|4.5
12797|e1a7d520-4050-491c-9818-d982a290f576|Berge Group|TrailRunner Sidekick 139|4.5
5995|5a4af311-672f-40d6-b0d4-16065f2660be|Langworth-Little|Max Impreza 636|0.0
7495|e12b7047-4019-4825-b861-e78dd818b821|Beer, DAmore and Wintheiser|Spectra5 Sidekick 952|5.0
8995|8ead3365-3753-4f9e-a1de-80bc3baa90da|Lebsack, Wiza and Jakubowski|Impreza Max 720|0.0
8995|10956a72-7096-41a2-8325-d76955d38f20|Huel-Ortiz|Perf Impreza 272|4.8
5947|d5f5e804-e1f5-4332-88c2-b694c6a8da86|Okuneva, McCullough and Reynolds|Impreza Pro 980|4.0
7797|6e08c93a-26ce-4422-86ab-5ab770d7e22a|Lebsack, Wiza and Jakubowski|Impreza Spectra5 515|4.2
20995|5710c7de-2db8-4916-b68b-832e57d1564c|Braun-Bruen|TrailRunner Spectra5 572|3.1
6995|44f8a1fb-f65c-48e1-891b-409da33a66a1|Braun-Bruen|Pro Max 675|3.4
4197|ec38f870-584e-439e-8254-62f6f3d1a388|Lebsack, Wiza and Jakubowski|Impreza Pro 536|0.0
10995|dfea1d04-1924-406b-bf63-a466adb2042f|Braun-Bruen|Spectra5 Pro 904|3.0
14995|b5a02946-1031-4aaa-b491-ec019d147834|Renner-DAmore|Impreza Perf 969|5.0
9797|57caf4a9-3c81-4e63-b563-35a75b481a79|Okuneva, McCullough and Reynolds|Spectra5 TrailRunner 882|5.0
2397|c807959b-d7f4-4835-99ef-702ee38abf12|Jones-Stokes|Impreza TrailRunner 273|4.1
5995|d58abd7e-ca4c-47a1-a3ac-0eeeb0f9fec0|Tremblay LLC|Spectra5 TrailRunner 256|0.0
4495|817681d6-544d-4662-bead-7ec2794ba846|Okuneva, McCullough and Reynolds|Spectra5 Pro 673|5.0
10397|7f243d79-edf9-4bd1-a06a-944437204b99|Gleichner-Buckridge|Sidekick Impreza 680|4.2
4497|85a6bff6-9149-4341-8450-646111d74e96|Ankunding and Sons|Spectra5 Impreza 127|5.0
11897|441e271e-d83e-4b06-b519-1b702f1ebd21|Harvey-Kuhic|Pro TrailRunner 754|4.3
9995|8c786c55-7ce6-4129-be65-aa9a48e17fbc|Torphy Group|Spectra5 Perf 549|5.0
7197|82569afb-9e82-4d96-9b95-696c50ccd85c|Braun-Bruen|Spectra5 Max 801|3.0
7197|81fb3fa0-cb65-4b32-9cbe-9080d1ee0566|Williamson Group|Impreza Max 387|3.0
9797|18fc9f7f-13f3-4085-b9a9-5bf9a6e00791|Macejkovic, Walter and Cummings|Max Perf 382|0.0
7797|fdf8d7b7-192a-45d3-ade1-0b88e137d8d9|Grady Group|Spectra5 Pro 857|4.9
7995|80ad6ea1-09ee-438c-b8f7-5a182e35d7c5|Harvey-Kuhic|Impreza Pro 472|0.0
13597|b69f5e1f-a35a-4e41-aaf3-0a866cce646b|Braun-Bruen|Sidekick TrailRunner 500|0.0
7995|e71e352c-480f-4261-b36c-766cdc340e96|Lebsack, Wiza and Jakubowski|Pro Sidekick 907|5.0
9995|30572e6a-64e4-4bbe-81da-c11012b902c3|Harvey-Kuhic|Max Perf 827|0.0
22995|f14303d6-be84-4a58-aba2-0b0ff84a0a29|Jones-Stokes|TrailRunner Pro 667|4.3
8995|dde4f8af-8eb8-477f-b98c-f83eebffb509|Macejkovic, Walter and Cummings|Pro Spectra5 696|4.0
6597|81bbe462-fda8-4df0-ab8f-ebc0be8479b1|Oberbrunner, Dietrich and Hickle|Max Spectra5 328|5.0
4547|63facfe5-f559-408b-a926-979300bda2f6|Macejkovic, Walter and Cummings|Impreza Spectra5 424|2.0
3357|e19f943e-1a9b-40f0-93ef-cf41d108cc46|Huel-Ortiz|TrailRunner Spectra5 241|4.2
12995|33ea0427-99d2-4ac2-ba15-49761cc9f1ba|Lebsack, Wiza and Jakubowski|TrailRunner Pro 945|4.0
5495|01b33428-c39e-4a42-a4b2-1c6276c6af6e|Gleichner-Buckridge|Perf Sidekick 572|0.0
13995|8a13db1b-b7b5-4e94-b2d5-124a2db98186|Grady Group|Perf TrailRunner 190|5.0
11197|8343819b-34e6-4047-a908-af4267eeea9f|Will Inc|Sidekick Perf 828|0.0
7995|ebfe2586-6d33-4ee8-8110-409983a6867b|Huel-Ortiz|Spectra5 TrailRunner 709|0.0
11197|d723021d-be92-4c3c-9a9a-cc8fc5242a2e|Torphy Group|Spectra5 Perf 463|0.0
2995|7aa954f2-6a02-4bcf-948f-d7f1fc7c93cf|Tillman, Effertz and Nikolaus|Pro Impreza 559|0.0
12597|748d9dfd-682b-4404-ad99-3456204d255b|Tremblay LLC|Max Perf 566|4.5
9597|e4cb8f82-932f-4a7b-9595-c1ad67acf279|Langworth-Little|Max Pro 115|0.0
15995|7d563992-ca2f-4a15-a620-f37346a6e16c|Lebsack, Wiza and Jakubowski|Max Pro 106|3.0
3695|d5e3bd33-8623-4ec5-8512-c504dcf8f29e|Jones-Stokes|Impreza Sidekick 413|4.5
6995|cdf61fa9-62c7-4f53-8a17-7b46a63827d2|Jones-Stokes|Max Spectra5 581|4.5
5495|46f616ec-7566-4023-af07-cd47e84ee931|Berge Group|Pro Perf 767|0.0
5997|761e80d8-a051-46d4-9bc8-ed6fa585ada1|Will Inc|Perf Spectra5 290|4.6
13995|d7ad2905-58d7-482e-b42a-90b66590f920|Renner-DAmore|TrailRunner Max 138|3.9
5247|a4baf0d7-2712-4b07-98a9-8287a320bc47|Torphy Group|Perf Max 686|0.0
13995|68574e96-1c88-4a0f-97f5-14dac4e2adf8|Braun-Bruen|Pro Sidekick 291|3.8
8995|4694268b-c1dd-4ead-b989-93c4135068d1|Macejkovic, Walter and Cummings|Pro Perf 580|5.0
6495|10071752-240f-4432-88fc-3cd48f892c97|Gleichner-Buckridge|Pro Sidekick 693|0.0
8397|fc4840a7-aa0b-46cb-9b1e-b862eac712f5|Beer, DAmore and Wintheiser|Max Pro 453|4.0
6797|268fefea-ec52-4738-8a9b-54877656f7eb|Harvey-Kuhic|Spectra5 Sidekick 924|0.0
8995|12ed746d-d0fb-4c64-9935-efddfa3909f1|Beer, DAmore and Wintheiser|Impreza TrailRunner 700|4.6
6495|ab39ba3f-dad0-40cb-a6c1-b716771bbe4a|Williamson Group|Impreza Perf 225|4.3
10995|5f5be41f-c1da-4243-ba00-d2c445b43771|Gleichner-Buckridge|Pro Max 500|5.0
11197|ff9e5301-fd6a-4fbd-80c3-e2a0f9a348fe|Harvey-Kuhic|Pro Impreza 108|4.6
12995|c059dce3-8aee-4323-814e-7460413e2422|Harvey-Kuhic|Max Impreza 780|4.7
15995|00a5dd71-10a6-4690-9241-b3d147a137f5|Berge Group|TrailRunner Pro 462|3.6
4797|4a008189-bb44-4a14-bd83-2b8b92f86f0f|Grady Group|Spectra5 Pro 352|4.2
11995|a32c3499-0ab6-4e26-b1ff-2edc43f38caf|Huel-Ortiz|Impreza TrailRunner 593|0.0
6597|36e73231-c4ba-4f34-8b11-e1ecfe90b571|Braun-Bruen|Pro Sidekick 134|0.0
10497|d07c241f-79b9-4930-82e1-a6ad1a0bfb8c|Langworth-Little|Perf Pro 804|0.0
13597|3784270c-badb-45ff-bc8b-ce9ba23eb8a7|Lebsack, Wiza and Jakubowski|TrailRunner Max 928|5.0
12995|a1c93acd-eaae-4c6d-9d3c-b4845d212e19|Langworth-Little|Impreza Perf 614|4.7
10495|5ef88c99-c02c-4dfd-875c-05d5639b40d4|Berge Group|Spectra5 Impreza 429|5.0
11197|59dbfc94-3788-43c6-86d7-9b2af134f4e8|Beer, DAmore and Wintheiser|Spectra5 Perf 274|0.0
6995|7aeb7031-06ee-4a06-96d6-ee318747d20e|Macejkovic, Walter and Cummings|Sidekick Spectra5 907|4.5
5995|9812f6b5-fbbe-422d-bac0-07d28d31530d|Renner-DAmore|Sidekick Pro 901|0.0
9995|8519d868-385b-44aa-805f-4bf5ad999fce|Harvey-Kuhic|Impreza Perf 677|3.0
7495|80d7db10-7f03-4eca-ab80-8af5ba4bfa9a|Huel-Ortiz|Max Pro 766|0.0
7995|0fb630e7-9027-4b4a-83a6-8758d3c12d9b|Williamson Group|Perf Impreza 910|5.0
6995|b44a0891-c979-4df2-b13b-603b4a68655b|Harvey-Kuhic|Sidekick Impreza 798|4.5
11995|29889122-3c3e-455f-8c2e-bab69baceb5b|Langworth-Little|Perf Sidekick 274|5.0
6995|ae649828-3de8-4f8c-aa45-7758f0c6835f|Huel-Ortiz|Spectra5 Perf 544|4.8
14995|5e8aff04-ac9f-4720-a7a8-49294d94418a|Berge Group|Max Impreza 772|5.0
13995|0bbe272c-f20a-4755-8a57-597452ff8342|Lebsack, Wiza and Jakubowski|Max TrailRunner 848|0.0
8995|3771fddb-0f91-47e2-bfa4-ae4c6f41aedb|Grady Group|Perf Spectra5 845|4.5
10995|8b577494-782f-453d-82f7-2826d7681afe|Ankunding and Sons|Max TrailRunner 121|5.0
5247|eb531d8d-2098-4cb8-ac57-31ac3fd1350f|Braun-Bruen|Spectra5 Max 877|0.0
7997|3586de8a-10a3-4997-96bf-9e08a3a7fb82|Gleichner-Buckridge|Max Pro 513|3.7
5247|537c0a64-62cd-4b69-a6cc-5fbf51e0ff78|Lebsack, Wiza and Jakubowski|Max Perf 450|0.0
4495|d0722d18-4312-45fe-9a5c-ccabfe91018c|Braun-Bruen|Sidekick Perf 546|0.0
10995|9b1f3411-c7a5-414b-ac8e-25e1eeb83d61|Oberbrunner, Dietrich and Hickle|Sidekick Impreza 630|0.0
36500|ee1083c4-ee5f-4a83-ab44-7e72cd524c04|Langworth-Little|Max Impreza 468|0.0
24995|2799760f-9628-49fb-94be-58d021c70417|Ankunding and Sons|Perf Sidekick 917|0.0
5397|6048ea19-beec-45f8-8957-7257efb649c2|Gleichner-Buckridge|Sidekick Perf 375|5.0
7995|5784dda3-4e6d-42cc-84ea-10cdfbfd04da|Beer, DAmore and Wintheiser|Sidekick TrailRunner 729|5.0
11995|1948daa6-3bc6-4e4e-9c6d-9ba4a06f45f2|Berge Group|Sidekick Max 114|0.0
5397|53dc1d79-b95a-4793-a6d8-73d7802f7c34|Langworth-Little|Max Impreza 404|0.0
4797|5eec99a7-54c7-4599-9221-d1ebff3fc7e6|Langworth-Little|Max TrailRunner 167|0.0
6995|e6c6574a-5f7a-49d2-9944-d3ab60e62526|Harvey-Kuhic|TrailRunner Max 660|3.4
6495|00f79e98-f265-4912-9d32-921a7b4dba7c|Langworth-Little|Perf Max 267|5.0
5597|e7374b69-0a88-408b-b788-1160366b0b8b|Oberbrunner, Dietrich and Hickle|TrailRunner Impreza 710|4.2
7197|1a62858b-91eb-4a8a-b236-e5c5c3ef1e14|Tremblay LLC|TrailRunner Perf 586|4.0
6397|4ac31a8e-d599-45dc-b21c-5ae43452a38c|Gleichner-Buckridge|Pro Impreza 274|1.0
3497|c67fb2c3-3ff1-44bb-943d-7b3f5daf31c8|Lebsack, Wiza and Jakubowski|Impreza Spectra5 906|0.0
11197|a6f1df7c-8814-4c8d-9c9a-6e6b9c111087|Jones-Stokes|TrailRunner Pro 283|0.0
11197|d08b9def-4d14-49a2-b992-d23b69861c12|Okuneva, McCullough and Reynolds|Sidekick Perf 590|4.8
13995|d805f9d8-ec33-4e7b-afab-5b0643874330|Grady Group|Max Impreza 430|3.8
24995|12dd15f0-c22f-4a0b-85c6-d9258baf3478|Berge Group|Max Pro 707|5.0
8397|44539b9a-d88a-4c4b-b1e1-8df833b264de|Ankunding and Sons|Spectra5 Sidekick 823|5.0
11197|fa45fae6-3532-4c6b-beee-0d20566a6537|Huel-Ortiz|TrailRunner Max 107|0.0
7197|45b5dfb3-835a-4c1a-9b6b-964a1fa62ff3|Macejkovic, Walter and Cummings|Max Sidekick 208|4.6
9995|6e24d849-9887-427b-9c04-832679bccc28|Braun-Bruen|Impreza Pro 756|4.5
13995|c61d0950-afee-4815-844a-821ee9473ee4|Beer, DAmore and Wintheiser|Impreza Max 702|0.0
4495|1d94298a-3cf7-4db4-b184-16c0a15d1da3|Ankunding and Sons|TrailRunner Pro 817|4.3
8397|fbf3bce3-9335-42ca-9a96-4110c0d13534|Gleichner-Buckridge|Perf Impreza 921|4.0
3147|3e510122-c01e-4b31-8a58-331c48b8fced|Beer, DAmore and Wintheiser|Impreza Perf 500|2.0
15995|e9fadc8e-f3b2-400f-83b1-1ef67694026c|Macejkovic, Walter and Cummings|TrailRunner Spectra5 493|3.5
5997|f2facb36-5ee3-4f61-87ba-c34cdec9b6fe|Lebsack, Wiza and Jakubowski|Spectra5 TrailRunner 767|3.2
3147|d7af7a72-3609-47ad-8d19-904ff5bc9220|Jones-Stokes|Spectra5 Pro 863|5.0
12797|f64c1292-02f5-4ed4-a560-d15b216df358|Will Inc|Impreza TrailRunner 892|5.0
5995|4dd72f2a-92a0-4c9d-a029-65253a4cb592|Ankunding and Sons|Pro Max 698|0.0
6797|d6485558-be24-43f8-8da4-7264f0e970c2|Lebsack, Wiza and Jakubowski|TrailRunner Impreza 245|3.6
10497|8274ca71-9d23-4e17-a815-226c1983559b|Macejkovic, Walter and Cummings|Pro Spectra5 374|5.0
6495|ad7d8f90-fabb-4bd2-ab54-60ea88765bd6|Will Inc|TrailRunner Max 818|0.0
21995|315a2327-9476-4e77-9e2a-e88dfa211cee|Langworth-Little|Max Pro 180|0.0
9597|048f09e9-ff79-4a66-8f58-cb8fef6c75e1|Braun-Bruen|Spectra5 Sidekick 960|3.5
9995|51132b0a-82f9-4731-8e57-681e03bfdc7a|Braun-Bruen|Impreza Spectra5 889|4.3
14995|7fdd636a-c7b6-4f4f-a174-507f2fe15017|Okuneva, McCullough and Reynolds|Impreza Max 394|4.0
9597|102c2b1d-4fb4-4b15-bec9-52e7dc71d888|Lebsack, Wiza and Jakubowski|Perf Spectra5 808|4.2
15995|dc4f6716-710a-4ba9-bf32-f7f5dc18c004|Beer, DAmore and Wintheiser|Sidekick Spectra5 859|3.9
7197|32b4ecc8-05a2-4199-b254-a71ad287e2fc|Macejkovic, Walter and Cummings|Impreza Perf 698|4.0
15995|87b6c401-e36c-4032-9feb-27ef3774b08a|Grady Group|Perf Sidekick 586|0.0
16995|5769f102-9442-494e-a6ad-8d13b4e27bf6|Will Inc|Sidekick Spectra5 167|5.0
7197|117763d1-9e0e-4dc8-8414-734f3705249b|Tillman, Effertz and Nikolaus|Sidekick Perf 529|0.0
10397|ae88994c-26e3-466f-af9b-5be3f9e7792c|Macejkovic, Walter and Cummings|Impreza Spectra5 408|4.1
10995|adbc58b6-3b44-4722-8781-e020d85f660d|Gleichner-Buckridge|TrailRunner Spectra5 517|0.0
7495|9e88127d-a53c-4916-b2a0-5bdfc3ce6718|Tremblay LLC|Spectra5 Perf 845|5.0
10995|4f8fb7e6-c7c4-43ee-86d4-806bab971a73|Will Inc|TrailRunner Pro 118|4.1
11995|16226443-0c56-4ba0-a4bb-a0e705a86e40|Will Inc|Sidekick Perf 940|0.0
3197|88a72597-e611-49d6-82e5-9751e1153575|Beer, DAmore and Wintheiser|TrailRunner Max 370|0.0
12995|36011f27-c581-46d2-8d64-9fff657cd747|Tillman, Effertz and Nikolaus|Spectra5 Pro 139|3.7
8495|020753f1-edbd-428b-9ebe-048fe86d9956|Berge Group|Pro TrailRunner 641|0.0
14995|248d5e0c-288b-4055-8203-2eff03906366|Okuneva, McCullough and Reynolds|TrailRunner Impreza 462|5.0
9995|062366f5-278c-49c9-9907-5bd967bb7700|Macejkovic, Walter and Cummings|Perf Max 709|0.0
12995|80308f12-bc17-49cc-9efb-2e6d4a847fef|Oberbrunner, Dietrich and Hickle|Sidekick Pro 421|4.3
10197|eafbde70-0a6c-4b76-a769-a6e4ad3d6a34|Braun-Bruen|Perf Impreza 795|0.0
5995|ab78cbe6-a680-44a5-93a0-ccc8a4581b65|Tillman, Effertz and Nikolaus|TrailRunner Perf 749|4.0
15995|9ff64374-201e-4d6b-8885-02a4a2d36449|Beer, DAmore and Wintheiser|Sidekick Spectra5 642|0.0
7995|1db091e5-c516-4286-84a2-8d687d6c0331|Williamson Group|Impreza Pro 634|0.0
15995|c332b2a2-bf50-49e0-b27c-5b585d1a3c8b|Berge Group|Sidekick Pro 499|0.0
5597|43017323-92a7-4bdd-b69a-cd535be2a538|Tremblay LLC|TrailRunner Max 719|5.0
9597|af2d5e98-e569-4c04-a650-8f6304d9117c|Lebsack, Wiza and Jakubowski|TrailRunner Sidekick 974|4.0
15995|72f03284-13df-4699-9f6c-26f26b1dfb37|Langworth-Little|Max Spectra5 354|0.0
5997|849b80d4-5eb2-4370-b3bb-030fe1623789|Gleichner-Buckridge|TrailRunner Max 543|4.8
8995|d5b9a7eb-d8fb-4291-9d44-a639e59b1a9b|Harvey-Kuhic|Spectra5 TrailRunner 448|0.0
3997|02b1b151-8f0f-40eb-92e5-c261ea0ec8a6|Langworth-Little|TrailRunner Sidekick 102|4.0
7597|15c50ef1-f994-4b44-8e8e-ba2f00baf546|Huel-Ortiz|Perf Sidekick 512|3.6
15995|a0b8ad3b-e7b7-4d8a-8c24-4091538fcc70|Williamson Group|Spectra5 Sidekick 743|5.0
9597|5c6bde48-a903-4503-bc64-15dfe7ff41b4|Braun-Bruen|Max Sidekick 566|4.1
8795|a36e20a8-1693-420a-b3d2-83b064fce10c|Lebsack, Wiza and Jakubowski|Impreza Max 718|2.7
7995|ce541ffb-0b4b-4035-afc2-fdb952dfce0c|Renner-DAmore|TrailRunner Spectra5 165|3.7
9597|1edce639-9f89-483b-ba19-bd5286300ab4|Tillman, Effertz and Nikolaus|TrailRunner Max 160|2.8
10197|9c05ee87-d4d1-47e2-90bb-ee0968bed536|Grady Group|Perf Spectra5 526|3.7
6297|f03f3bff-befd-4549-953d-b6f466a37573|Jones-Stokes|Pro Impreza 323|0.0
7995|a0ebfb5d-f235-4804-b336-c2d76cdd7bec|Grady Group|Impreza Sidekick 122|4.5
16995|0a9ba26a-440d-42a0-8e22-f2e80385117a|Okuneva, McCullough and Reynolds|Perf Sidekick 291|4.0
6397|6ad9a568-fd06-4dbd-8d4c-eae3100ffd8f|Jones-Stokes|Sidekick Pro 755|5.0
11995|3c0a21ba-63ce-43ac-9aac-33b275c73914|Lebsack, Wiza and Jakubowski|Spectra5 Impreza 100|3.8
9097|df327013-4cdb-4d27-8649-71b5d23de8fd|Huel-Ortiz|TrailRunner Pro 748|0.0
8995|883f1ff2-4f33-4545-b730-d21d5901d76b|Jones-Stokes|Spectra5 TrailRunner 778|4.0
7197|83409be4-2dca-48ba-8fd3-4cc27fcb2565|Tremblay LLC|Perf Impreza 751|4.0
18995|21662c14-fcc2-4415-921b-b98bade45260|Tremblay LLC|Max Spectra5 322|4.6
7697|c9adb703-8404-4b63-9424-56353abec369|Harvey-Kuhic|Impreza Spectra5 693|4.3
21995|3e8d6b60-4510-4742-9260-db07f6058624|Langworth-Little|Sidekick Perf 538|3.5
9597|ef5be7ee-967c-44ae-9b33-7a6b18bcd180|Torphy Group|Max Pro 194|4.9
12995|656b7028-0935-4a52-9aff-197509ef4423|Braun-Bruen|TrailRunner Max 620|4.6
11197|4439cf30-dc32-4963-a3e4-b910450ddc7d|Lebsack, Wiza and Jakubowski|Max Impreza 533|4.8
8495|b94998f8-10fd-4882-9020-c059eea8f75f|Beer, DAmore and Wintheiser|Impreza Max 216|5.0
7997|d4dffc7d-f5bf-4a35-85ac-c0b2c01d4c6a|Berge Group|Perf Spectra5 577|3.0
9995|13eee53b-e861-475c-afec-af439934cbd6|Oberbrunner, Dietrich and Hickle|Spectra5 Pro 488|0.0
5597|99bdabcd-a3e2-4e2f-8ae4-9996ced650d7|Torphy Group|Impreza Perf 373|4.7
22995|fda466a0-cb67-44e8-a854-7a398ce2c1dd|Will Inc|TrailRunner Max 430|4.3
5995|ea5311c8-a802-49ee-9624-0e8c10944bd2|Lebsack, Wiza and Jakubowski|Spectra5 Impreza 331|0.0
4495|7e30fdf8-7d55-4cc3-b7b9-a5106acc0cda|Ankunding and Sons|Perf Spectra5 839|0.0
6495|e885f5c2-3689-4484-b1ee-8bee443f5353|Torphy Group|Sidekick Pro 706|0.0
5597|ce6e1554-242f-44be-b549-3c5a8a315641|Berge Group|Impreza Spectra5 624|0.0
13597|fa0b5c79-4fbd-4fa8-841c-f7112e731363|Tremblay LLC|Max Sidekick 694|3.7
7495|5ec58023-e704-4baf-a9ab-b1303c4a14d6|Harvey-Kuhic|Spectra5 Pro 387|5.0
7495|f8690ae2-52ae-4b2b-8079-3eeff75446a7|Gleichner-Buckridge|Sidekick Pro 978|0.0
8495|cfe7b336-a544-4915-bcff-13202e94b162|Harvey-Kuhic|Max Perf 381|5.0
7995|9a59d1c0-c526-44c8-853f-cfe57d9953e1|Huel-Ortiz|Spectra5 Impreza 375|5.0
13597|9717619a-aa07-4529-81d8-81198aa93c6b|Gleichner-Buckridge|TrailRunner Sidekick 223|1.0
12995|dc2aef4e-0ce2-4af4-939f-b6c7ef90b32d|Tillman, Effertz and Nikolaus|Perf Spectra5 813|3.9
9995|67fcc52e-a220-4f47-98e3-f900e9fda983|Will Inc|Pro Perf 369|0.0
5247|790f20c4-5139-41c9-a51b-e33faec752c7|Grady Group|Max Spectra5 328|0.0
6797|9e916a72-8bb0-41bb-a082-cf3f12f13c1b|Gleichner-Buckridge|Max Sidekick 627|0.0
7197|0d61d1aa-e8d7-415a-ac09-a60b4a12372c|Braun-Bruen|Spectra5 Sidekick 968|0.0
4995|400466b7-da21-46ee-9ab8-9d64bbb5950a|Will Inc|Impreza Perf 391|0.0
12797|8cd8558f-b3a8-4e61-971f-8492b62872ea|Ankunding and Sons|Sidekick Impreza 820|5.0
11995|787f30c8-a8b2-4e05-a8da-e56e5863ba12|Tremblay LLC|Perf Pro 508|4.5
15995|62089118-091d-41c3-ae55-2a361c7b56be|Macejkovic, Walter and Cummings|Perf Sidekick 153|3.3
19995|bd99e2d4-d95e-4a61-a216-7c671c6726be|Tillman, Effertz and Nikolaus|Pro Spectra5 789|4.7
5247|9952c67e-982a-4fb3-a06f-ebf10a8c36c8|Oberbrunner, Dietrich and Hickle|Max TrailRunner 852|0.0
6495|eb8b7807-77a1-47fc-9d54-ff3007638ff6|Tillman, Effertz and Nikolaus|Impreza Max 680|0.0
8797|44050d73-d861-4b4a-a077-25739d25974d|Berge Group|Sidekick Spectra5 190|4.4
13995|d4c529f8-c2e7-444a-83d1-008f0b018122|Williamson Group|Impreza Pro 655|3.0
12797|0e354bb9-5319-40e0-87c8-4b91fdf7de2d|Ankunding and Sons|Spectra5 Sidekick 157|5.0
3497|6a5e4712-0ec2-4529-b879-83b1cd5907bc|Langworth-Little|TrailRunner Sidekick 361|0.0
5947|fedb94b4-c93c-4524-a02a-5b74fab56b41|Jones-Stokes|Sidekick Max 982|5.0
16995|f7554f88-c110-4981-9c03-458e9cfe8f1d|Tillman, Effertz and Nikolaus|Pro TrailRunner 961|4.0
6297|6757ada4-6631-482f-98dc-d3b99bacf699|Lebsack, Wiza and Jakubowski|Impreza TrailRunner 716|0.0
